Acadia,Coasts and Rocky Shoreline
Acadia,Eastern Deciduous Forest
Acadia,Northern Boreal Forest
Acadia,Mountain
Acadia,Lakes and Ponds
Acadia,"Swamps, Marshes, and Bogs"
Everglades,Hardwood Hammock
Everglades,Pineland
Everglades,Freshwater Marl Prairie
Everglades,Freshwater Slough
Everglades,Cypress
Everglades,Coastal Lowland
Everglades,Mangrove
Everglades,Marine and Estuarine
Glacier,Moist Coniferous Forest
Glacier,Dry Coniferous Forest
Glacier,Deciduous Forest
Glacier,Glacier
Glacier,Lakes and Ponds
Glacier,Mountain
Glacier,Streams and Rivers
Glacier,Fen and Wetland
GreatSmokyMountains,Spruce-Fir Forests
GreatSmokyMountains,Northern Hardwood Forests
GreatSmokyMountains,Hemlock Forests
GreatSmokyMountains,Pine and Oak Forests
GreatSmokyMountains,Grassy and Heath Balds
GreatSmokyMountains,Wetlands
JoshuaTree,Mojave Desert
JoshuaTree,Colorado Desert
JoshuaTree,Pinyon Pine and Juniper Tree Woodland
MichiganIsleRoyale,Island
MichiganIsleRoyale,Northern Boreal Forest
MichiganSleepingBear,Beech/Maple Northern Hardwood Forest
MichiganSleepingBear,Oak Pine Forest
MichiganSleepingBear,Dunes and Lakeshore
MichiganSleepingBear,Streams and Rivers
MichiganSleepingBear,"Wetlands, Bogs, and Marshes"
NorthCascadesOlympic,Coastal Forests
NorthCascadesOlympic,Lowland Forests
NorthCascadesOlympic,Temperate Rain Forest
NorthCascadesOlympic,Montane Forest
NorthCascadesOlympic,Subalpine
NorthCascadesOlympic,Alpine
NorthCascadesOlympic,Sandy Beaches
NorthCascadesOlympic,Rocky Offshore Island
NorthCascadesOlympic,Meadow
NorthCascadesOlympic,Streams and Rivers
NorthCascadesOlympic,Lakes
Redwoods,Redwood Forests
Redwoods,Streams and Rivers
Redwoods,Rocky Coast
Redwoods,Beach and Tidepools
Redwoods,Prairies
Saguaro,Sonoran Desert
Saguaro,Semi-Desert Grassland
Saguaro,Desert Scrub
Saguaro,Oak Woodland
Saguaro,Pine Forest and Mixed Conifer Forest
YellowstonGrandTeton,Lodgepole Pine Forest
YellowstonGrandTeton,Alpine Meadow
YellowstonGrandTeton,Sagebrush Steppe and Grasslands
YellowstonGrandTeton,Streams and Rivers
YellowstonGrandTeton,Lakes and Ponds
YellowstonGrandTeton,Mountain
YellowstonGrandTeton,Wetland
Zion,Desert
Zion,Riparian
Zion,Pinyon-Juniper
Zion,Conifer Woodland
Yosemite,Foothill-Woodland Zone
Yosemite,Lower Montane Forest
Yosemite,Upper Montane Forest
Yosemite,Subalpine Forest
Yosemite,Alpine Zone
Acadia,Streams
